max_iter,class_weight,c,Train,Test,F1 score,Precision,Recall
500,balanced,0.2268,0.8410245617943168,0.6108404458888923,0.6071618860658449,0.6221436516099919,0.6108404458888923
