max_iter,class_weight,c,Train,Test,F1 score,Precision,Recall
250,balanced,1,0.9051493280858984,0.5883849749236633,0.5869143618286559,0.5971934570355514,0.5883849749236633
